Ingresos_Mensuales,Gastos_Mensuales,Deudas_Activas,Historial_Credito,Edad,Tiene_Tarjeta_Credito,Nivel_Educacion,Inversiones_Activas,Riesgo_Financiero
3397.37,2555.71,3,Regular,37,1,Superior,1,Medio
2889.39,3145.65,0,Bueno,59,0,Superior,1,Bajo
3518.15,1160.86,2,Regular,29,0,Superior,0,Medio
4218.42,2337.78,4,Regular,55,1,Superior,0,Medio
2812.68,1609.61,2,Bueno,33,1,Superior,2,Bajo
2812.69,1707.72,2,Malo,35,0,Medio,1,Alto
4263.37,1644.56,0,Regular,38,0,Medio,0,Medio
3613.95,1481.61,0,Regular,53,1,Superior,2,Medio
2624.42,2029.11,0,Bueno,26,0,Básico,0,Bajo
3434.05,1501.43,1,Bueno,47,1,Superior,0,Bajo
2629.27,2162.27,3,Bueno,43,1,Básico,1,Medio
2627.42,1969.86,1,Bueno,47,1,Medio,1,Bajo
3193.57,1856.63,3,Bueno,54,0,Superior,0,Medio
1469.38,1455.46,3,Regular,58,0,Medio,0,Medio
1620.07,1653.94,2,Bueno,34,1,Medio,1,Bajo
2550.17,2453.23,2,Bueno,56,0,Medio,2,Bajo
2189.74,2300.55,3,Malo,28,0,Superior,1,Alto
3251.4,1413.47,3,Regular,55,0,Básico,0,Medio
2273.58,2059.6,1,Bueno,39,0,Superior,2,Bajo
1870.16,2450.83,1,Regular,50,0,Básico,0,Medio
4172.52,998.36,2,Bueno,34,0,Superior,2,Bajo
2819.38,2326.02,0,Bueno,40,0,Superior,0,Bajo
3054.02,1602.43,3,Regular,45,1,Medio,2,Medio
1860.2,2342.36,1,Bueno,60,0,Medio,2,Bajo
2564.49,1542.04,2,Bueno,44,0,Medio,0,Bajo
3088.74,917.07,1,Bueno,34,0,Superior,2,Bajo
2079.21,1023.47,3,Bueno,46,0,Básico,1,Medio
3300.56,2028.85,3,Bueno,58,0,Básico,0,Medio
2519.49,2155.83,4,Bueno,43,0,Básico,1,Medio
2766.65,1457.41,0,Regular,42,0,Medio,0,Medio
2518.63,2383.16,4,Regular,39,0,Medio,2,Medio
4481.82,1003.09,2,Bueno,23,1,Superior,2,Bajo
2989.2,1960.35,1,Bueno,62,0,Superior,2,Bajo
2153.83,1273.39,2,Bueno,39,0,Medio,0,Bajo
3658.04,1608.9,3,Bueno,29,0,Medio,1,Medio
2023.33,2028.44,4,Regular,48,0,Medio,1,Alto
3167.09,1483.75,4,Bueno,40,1,Superior,0,Medio
1432.26,1769.27,4,Bueno,27,1,Superior,0,Alto
1937.45,2603.78,2,Regular,34,1,Superior,1,Medio
3157.49,1653.86,3,Regular,29,1,Superior,1,Medio
3590.77,2501.42,1,Regular,39,1,Básico,1,Medio
3137.09,1322.18,1,Bueno,34,1,Superior,1,Bajo
2907.48,2317.88,2,Bueno,58,1,Superior,0,Bajo
2759.12,2864.94,4,Bueno,56,1,Medio,0,Medio
1817.18,517.01,0,Bueno,60,1,Superior,2,Bajo
2424.12,1521.86,2,Regular,37,1,Básico,1,Medio
2631.49,2346.24,2,Regular,50,1,Superior,2,Medio
3845.7,1878.17,3,Regular,29,1,Medio,0,Medio
3274.89,2222.69,1,Regular,53,1,Medio,0,Medio
1589.57,1637.61,2,Bueno,45,1,Superior,2,Bajo
3259.27,2051.95,2,Regular,34,1,Medio,1,Medio
2691.93,1906.59,4,Bueno,31,1,Medio,1,Medio
2458.46,2700.67,4,Bueno,55,0,Medio,1,Alto
3489.34,2152.65,0,Bueno,61,1,Superior,1,Bajo
3824.8,2202.56,3,Bueno,34,0,Básico,2,Medio
3745.02,1752.87,0,Bueno,50,1,Medio,2,Bajo
2328.63,1707.44,4,Malo,61,1,Superior,0,Alto
2752.63,1740.47,1,Bueno,24,0,Superior,1,Bajo
3265.01,2236.67,4,Bueno,24,1,Medio,1,Medio
3780.44,1747.41,3,Bueno,48,0,Superior,1,Medio
2616.66,2173.86,4,Regular,28,0,Superior,2,Medio
2851.47,3245.24,3,Bueno,22,0,Superior,1,Medio
2114.93,2522.67,3,Regular,61,1,Medio,2,Medio
2043.03,1804.39,3,Bueno,42,1,Medio,1,Medio
3650.02,2720.73,3,Regular,61,1,Medio,1,Medio
4084.99,1755.15,3,Bueno,36,0,Medio,0,Medio
2942.39,777.13,1,Regular,49,0,Medio,1,Medio
3802.83,1395.15,0,Regular,50,1,Básico,1,Medio
3289.31,877.52,2,Bueno,32,1,Superior,0,Bajo
2483.9,1789.09,0,Bueno,55,1,Medio,2,Bajo
3289.12,2011.05,3,Bueno,31,1,Medio,2,Medio
4230.43,3005.86,1,Bueno,41,1,Superior,1,Bajo
2971.34,2196.16,4,Bueno,41,0,Medio,2,Medio
4251.71,1868.54,1,Regular,25,0,Básico,1,Medio
904.2,2497.64,3,Bueno,40,0,Superior,0,Medio
3657.52,673.32,1,Bueno,57,1,Básico,0,Bajo
3069.64,2141.37,1,Bueno,23,0,Superior,1,Bajo
2760.79,2462.52,3,Bueno,64,0,Superior,0,Medio
3073.41,1112.85,1,Regular,53,0,Medio,0,Medio
1409.94,2686.25,2,Bueno,29,0,Superior,1,Bajo
2824.26,2203.1,2,Regular,29,0,Medio,1,Medio
3285.69,1750.83,1,Regular,24,1,Medio,0,Medio
4182.32,2379.67,4,Regular,55,0,Básico,2,Medio
2585.38,3362.42,3,Regular,37,1,Medio,2,Medio
2353.21,2109.12,2,Bueno,54,1,Superior,1,Bajo
2598.59,2148.93,4,Malo,44,1,Medio,1,Alto
3732.32,1724.38,1,Bueno,52,1,Medio,2,Bajo
3263.0,1490.09,4,Bueno,21,1,Medio,0,Medio
2576.19,2498.2,0,Regular,28,0,Medio,2,Medio
3410.61,1486.35,2,Malo,43,0,Básico,2,Alto
3077.66,2042.94,1,Regular,60,1,Medio,2,Medio
3774.92,1713.41,3,Bueno,32,1,Superior,2,Medio
2438.36,2287.39,1,Bueno,32,1,Medio,1,Bajo
2737.87,2200.2,3,Malo,35,0,Medio,1,Alto
2686.31,2622.52,1,Bueno,61,1,Básico,0,Bajo
1829.19,1693.99,4,Regular,39,0,Medio,0,Alto
3236.9,1838.08,4,Regular,46,1,Superior,0,Medio
3208.84,1412.74,4,Bueno,49,0,Básico,0,Medio
3004.09,1733.42,0,Bueno,42,1,Básico,2,Bajo
2812.33,2226.38,3,Bueno,60,0,Medio,1,Medio
1867.7,2454.19,4,Bueno,41,1,Superior,1,Alto
2663.48,1446.7,0,Regular,58,0,Superior,0,Medio
2725.83,2521.76,3,Bueno,40,0,Medio,0,Medio
2358.18,2813.38,1,Regular,49,0,Superior,2,Medio
2870.97,2248.06,0,Bueno,24,0,Superior,2,Bajo
3323.24,3126.08,2,Malo,27,0,Superior,0,Alto
4508.95,1535.73,0,Bueno,48,0,Superior,1,Bajo
3139.66,1253.21,0,Bueno,48,0,Medio,1,Bajo
3206.04,932.77,3,Bueno,24,1,Medio,1,Medio
2940.44,2897.63,1,Regular,42,1,Básico,0,Medio
1464.98,2392.62,2,Regular,32,1,Medio,1,Medio
2978.79,1966.65,4,Regular,23,1,Superior,2,Medio
3048.18,2167.98,4,Bueno,42,1,Medio,2,Medio
4970.59,1324.71,0,Bueno,64,0,Medio,0,Bajo
2846.11,3467.45,3,Bueno,22,0,Superior,2,Medio
3241.24,2077.53,3,Bueno,44,0,Medio,0,Medio
2972.23,2065.64,4,Bueno,54,0,Básico,1,Medio
2065.06,2435.46,2,Malo,47,0,Medio,1,Alto
3914.26,2288.61,1,Malo,61,1,Medio,1,Alto
3601.55,2134.33,2,Malo,21,1,Superior,2,Alto
3632.83,1525.72,1,Regular,28,1,Básico,0,Medio
2272.49,2282.88,4,Bueno,43,1,Medio,1,Alto
4122.24,3129.21,1,Bueno,58,0,Medio,0,Bajo
1878.52,2807.25,3,Bueno,26,0,Medio,1,Medio
3469.49,2955.91,0,Regular,42,0,Superior,2,Medio
4752.36,1693.27,0,Bueno,45,1,Medio,2,Bajo
2207.57,1406.24,4,Bueno,38,0,Medio,0,Alto
2546.96,1924.53,3,Bueno,37,1,Superior,2,Medio
3079.72,2033.43,2,Bueno,32,0,Superior,2,Bajo
2597.22,2656.51,3,Regular,26,0,Básico,0,Medio
1759.47,984.52,0,Regular,46,1,Medio,1,Medio
3054.85,2917.73,0,Bueno,47,0,Superior,2,Bajo
2150.16,1905.2,3,Malo,28,0,Superior,0,Alto
3378.87,1743.87,3,Regular,39,1,Básico,2,Medio
2264.46,1392.74,0,Bueno,62,0,Superior,2,Bajo
4239.95,1007.09,2,Bueno,21,1,Medio,2,Bajo
2373.4,2493.9,4,Bueno,49,0,Básico,2,Alto
2742.35,2043.99,4,Bueno,55,0,Básico,0,Medio
3650.81,1226.02,3,Malo,60,0,Básico,0,Alto
2015.31,1222.95,4,Bueno,34,0,Superior,0,Alto
3181.97,1798.53,0,Regular,55,0,Básico,2,Medio
4045.71,3001.41,0,Bueno,40,0,Básico,2,Bajo
1714.01,1844.25,3,Bueno,33,0,Superior,2,Medio
3147.71,1098.11,3,Bueno,58,0,Medio,0,Medio
3207.91,1852.55,3,Bueno,28,1,Básico,2,Medio
3625.46,1836.37,2,Bueno,63,1,Básico,1,Bajo
2010.44,381.87,4,Malo,40,0,Básico,2,Alto
1943.63,1967.42,3,Bueno,53,0,Medio,1,Medio
3417.55,1861.44,1,Regular,46,1,Superior,2,Medio
3237.59,2417.72,1,Bueno,59,0,Básico,0,Bajo
3200.39,3109.37,0,Bueno,41,0,Básico,2,Bajo
3277.16,2675.94,4,Bueno,62,1,Superior,1,Medio
2455.98,1838.67,3,Bueno,63,0,Superior,1,Medio
3185.8,1336.08,1,Bueno,61,0,Medio,2,Bajo
3234.46,3544.02,4,Bueno,29,1,Medio,1,Medio
2428.52,2035.53,0,Bueno,44,0,Medio,1,Bajo
4492.62,2008.36,2,Bueno,57,0,Medio,0,Bajo
3379.07,1985.52,4,Bueno,61,1,Medio,2,Medio
2046.96,2118.85,4,Bueno,37,0,Medio,2,Alto
3525.24,1913.38,2,Malo,44,1,Superior,2,Alto
2220.25,1655.8,4,Regular,41,0,Básico,1,Alto
3629.67,1671.88,0,Bueno,59,0,Superior,2,Bajo
3926.88,1980.35,0,Bueno,61,1,Básico,2,Bajo
2343.45,1673.95,2,Malo,59,1,Superior,0,Alto
3770.7,1572.29,3,Regular,33,0,Superior,0,Medio
3330.22,2063.86,1,Bueno,31,1,Superior,0,Bajo
3657.65,1847.01,3,Regular,39,1,Básico,1,Medio
4517.43,2902.4,4,Bueno,31,0,Medio,2,Medio
2803.69,409.42,1,Bueno,33,0,Medio,0,Bajo
2397.01,2654.9,2,Regular,21,0,Superior,0,Medio
2288.39,2747.65,2,Bueno,60,1,Medio,0,Bajo
2347.35,755.97,1,Malo,64,1,Medio,2,Alto
2938.32,1794.39,0,Regular,39,1,Medio,2,Medio
3272.92,1777.14,1,Bueno,32,1,Medio,2,Bajo
3221.35,1155.49,4,Bueno,28,0,Medio,1,Medio
3661.75,1533.31,0,Bueno,28,1,Básico,1,Bajo
3010.4,1333.65,2,Bueno,32,0,Superior,0,Bajo
4162.83,3051.36,1,Regular,53,1,Superior,2,Medio
2788.27,2561.41,3,Bueno,46,0,Superior,0,Medio
5176.14,2762.93,3,Bueno,59,0,Medio,2,Medio
3500.53,2433.0,4,Regular,48,0,Superior,2,Medio
2314.27,1322.57,3,Bueno,25,1,Superior,2,Medio
2143.29,1685.29,1,Regular,28,0,Superior,1,Medio
3385.98,2293.62,1,Bueno,45,0,Superior,1,Bajo
2821.23,1266.72,3,Malo,47,1,Medio,2,Alto
3571.2,2427.8,1,Bueno,43,0,Superior,0,Bajo
3378.59,1855.8,4,Bueno,50,1,Medio,2,Medio
2941.74,1775.11,0,Bueno,43,1,Básico,2,Bajo
2322.57,2426.58,4,Bueno,40,0,Medio,0,Alto
1788.12,2266.56,4,Regular,38,0,Superior,2,Alto
2642.79,1783.42,1,Regular,38,1,Superior,0,Medio
3685.12,2695.6,0,Regular,22,0,Superior,1,Medio
3171.27,1351.36,1,Bueno,24,1,Superior,1,Bajo
2003.41,2369.56,2,Bueno,50,1,Medio,0,Bajo
3138.54,2355.86,1,Bueno,53,1,Básico,1,Bajo
3308.25,1814.27,1,Bueno,56,0,Básico,1,Bajo
2292.91,2195.68,1,Regular,38,1,Básico,0,Medio
3122.98,1249.33,0,Bueno,57,0,Medio,1,Bajo
3046.57,2554.42,1,Bueno,39,0,Básico,2,Bajo
2085.62,1889.06,0,Bueno,48,0,Medio,2,Bajo
3286.23,1686.37,3,Regular,60,0,Superior,0,Medio
3448.63,2629.41,2,Regular,40,1,Medio,1,Medio
3866.44,1577.39,0,Regular,53,0,Superior,2,Medio
3843.04,1154.92,3,Bueno,32,1,Superior,2,Medio
1897.86,1066.02,0,Bueno,35,1,Medio,1,Bajo
2249.74,2363.61,0,Regular,61,0,Medio,1,Medio
3412.03,1231.74,2,Regular,59,1,Básico,2,Medio
3411.03,3052.88,4,Bueno,22,1,Medio,2,Medio
3412.04,750.84,4,Regular,49,0,Superior,0,Medio
6082.19,3017.87,0,Regular,61,1,Básico,0,Medio
3456.71,2126.61,1,Regular,30,1,Medio,2,Medio
3908.45,1941.97,3,Regular,22,1,Medio,0,Medio
3763.2,1673.05,1,Bueno,31,1,Superior,2,Bajo
3521.11,2239.48,1,Bueno,33,0,Superior,2,Bajo
2747.78,1977.42,0,Bueno,30,1,Superior,0,Bajo
3607.18,2661.98,0,Regular,34,1,Básico,0,Medio
2381.74,2068.54,0,Regular,38,1,Superior,1,Medio
2810.55,2090.18,0,Regular,29,1,Superior,1,Medio
2611.71,1781.83,4,Bueno,59,0,Superior,1,Medio
3065.5,1965.83,0,Regular,48,1,Superior,2,Medio
4851.73,2184.68,4,Regular,23,0,Medio,0,Medio
1506.19,973.9,4,Regular,40,1,Superior,2,Alto
3549.01,1191.09,0,Regular,26,0,Superior,0,Medio
1709.83,2445.96,2,Regular,47,0,Básico,2,Medio
2622.45,2102.52,3,Bueno,22,0,Medio,1,Medio
3871.16,1889.61,1,Bueno,49,0,Superior,1,Bajo
3051.42,2011.06,4,Bueno,58,0,Básico,1,Medio
2137.8,2208.55,3,Bueno,23,1,Medio,2,Medio
2427.76,1676.14,2,Regular,36,1,Superior,0,Medio
3543.68,1533.02,1,Regular,50,1,Medio,0,Medio
2415.71,2117.51,1,Bueno,60,0,Básico,1,Bajo
3173.17,1412.98,4,Bueno,22,1,Medio,1,Medio
3036.46,2244.95,0,Regular,37,0,Medio,1,Medio
2478.72,978.45,2,Bueno,61,0,Medio,1,Bajo
4715.16,2617.49,4,Bueno,32,1,Básico,0,Medio
3507.14,2283.56,2,Bueno,55,1,Superior,2,Bajo
1379.89,2153.62,0,Bueno,63,0,Medio,2,Bajo
3149.16,2589.61,0,Bueno,21,0,Superior,2,Bajo
2470.57,2999.28,4,Bueno,35,1,Superior,2,Alto
3681.95,2608.62,0,Bueno,46,1,Medio,1,Bajo
2365.98,895.48,3,Regular,57,1,Superior,1,Medio
2908.21,1232.25,1,Bueno,41,1,Básico,1,Bajo
3403.99,1625.11,4,Regular,51,0,Medio,2,Medio
3692.6,2015.65,2,Bueno,45,1,Básico,1,Bajo
2039.76,2310.6,3,Bueno,43,1,Superior,1,Medio
2732.4,1564.55,4,Regular,44,1,Básico,0,Medio
2620.04,2112.06,0,Bueno,58,0,Medio,0,Bajo
2477.34,1546.77,0,Bueno,48,0,Superior,1,Bajo
4412.36,1633.09,0,Bueno,41,0,Medio,0,Bajo
3323.99,1156.0,0,Regular,63,0,Básico,0,Medio
1991.29,1446.06,2,Bueno,38,1,Medio,1,Bajo
3734.29,1188.99,3,Bueno,56,0,Superior,1,Medio
4697.72,1414.48,1,Regular,55,1,Superior,1,Medio
3825.97,2632.19,2,Bueno,29,1,Medio,1,Bajo
1784.5,1430.36,2,Regular,58,1,Medio,2,Medio
2612.61,3579.43,1,Regular,50,1,Medio,2,Medio
4013.53,2295.99,1,Malo,64,0,Superior,1,Alto
2433.86,2110.9,0,Bueno,54,0,Medio,0,Bajo
3355.06,1484.99,2,Regular,52,0,Medio,1,Medio
3619.71,2420.19,4,Bueno,23,1,Medio,1,Medio
2258.46,1654.62,1,Bueno,23,1,Básico,0,Bajo
2952.38,2073.21,1,Bueno,48,1,Básico,2,Bajo
406.99,3536.05,3,Regular,64,1,Básico,1,Medio
2180.49,1942.36,4,Bueno,35,1,Medio,1,Alto
2797.95,2689.56,4,Bueno,61,0,Superior,2,Medio
2001.77,1578.09,1,Bueno,43,1,Medio,2,Bajo
4305.93,1979.01,0,Regular,60,0,Superior,0,Medio
1855.89,3062.48,3,Regular,31,1,Básico,2,Medio
2647.96,1623.82,4,Regular,52,1,Superior,2,Medio
3104.59,3087.47,1,Bueno,56,0,Superior,2,Bajo
4153.02,2424.65,4,Bueno,53,0,Medio,0,Medio
1851.31,1662.52,3,Regular,44,1,Básico,2,Medio
3930.53,2379.44,3,Bueno,59,1,Superior,2,Medio
3008.19,2583.53,2,Bueno,54,1,Medio,0,Bajo
2214.79,2373.09,1,Regular,48,1,Superior,2,Medio
3369.68,1057.87,3,Malo,57,0,Medio,2,Alto
3159.25,1563.72,2,Regular,27,1,Superior,0,Medio
2519.83,1851.49,2,Regular,24,0,Medio,1,Medio
3055.84,1955.34,4,Malo,57,1,Superior,0,Alto
2691.75,2372.4,4,Bueno,21,0,Superior,2,Medio
3090.81,2106.62,2,Bueno,21,0,Superior,2,Bajo
3529.7,1198.79,4,Malo,40,1,Medio,2,Alto
4268.81,2228.12,3,Bueno,39,0,Superior,0,Medio
2009.75,2366.35,0,Regular,49,1,Medio,2,Medio
4706.43,2335.87,3,Bueno,30,0,Superior,2,Medio
1438.33,2648.47,2,Bueno,38,1,Medio,0,Bajo
2878.57,2500.35,2,Regular,48,0,Superior,1,Medio
3470.65,2275.51,3,Malo,55,1,Básico,1,Alto
3224.79,1957.9,4,Regular,63,1,Superior,2,Medio
2501.84,1003.42,4,Bueno,51,0,Superior,0,Medio
2833.5,2257.77,2,Regular,47,0,Superior,2,Medio
2605.6,2124.61,1,Bueno,31,0,Medio,0,Bajo
2528.51,2162.95,4,Bueno,58,0,Medio,0,Medio
3679.68,1233.95,3,Bueno,25,1,Superior,1,Medio
3285.61,1351.37,4,Bueno,28,0,Medio,1,Medio
2445.67,2631.89,3,Bueno,54,1,Medio,0,Medio
3719.68,1976.27,2,Malo,32,0,Superior,2,Alto
3245.84,2408.9,4,Regular,58,1,Superior,1,Medio
3650.29,2016.99,3,Regular,21,1,Medio,2,Medio
3503.7,2017.85,2,Bueno,51,1,Superior,1,Bajo
2336.8,2562.97,1,Malo,24,1,Superior,1,Alto
2551.86,1690.37,3,Malo,25,0,Básico,2,Alto
3597.83,2057.67,1,Regular,50,0,Superior,1,Medio
3488.3,1722.63,1,Bueno,44,1,Básico,1,Bajo
2983.28,1739.3,0,Bueno,23,0,Medio,2,Bajo
3093.86,1814.5,4,Bueno,31,0,Básico,1,Medio
4022.13,2133.28,3,Bueno,24,1,Básico,1,Medio
2526.74,1712.75,1,Bueno,46,0,Superior,1,Bajo
3437.68,2753.45,0,Malo,47,0,Medio,2,Alto
2838.25,1463.24,2,Bueno,63,0,Medio,0,Bajo
2825.86,1887.88,3,Bueno,47,1,Medio,2,Medio
3879.02,1736.16,1,Bueno,62,0,Medio,0,Bajo
3660.33,2868.19,4,Bueno,26,1,Medio,1,Medio
3650.81,2117.93,0,Bueno,35,0,Medio,0,Bajo
4044.38,2619.11,1,Bueno,50,0,Medio,2,Bajo
3016.8,1108.66,4,Bueno,62,0,Superior,2,Medio
3545.56,2160.23,1,Regular,57,1,Medio,1,Medio
2751.79,2533.78,3,Malo,57,1,Medio,0,Alto
3259.33,2049.37,3,Bueno,62,0,Medio,1,Medio
2895.89,2639.29,3,Bueno,57,1,Superior,1,Medio
3077.6,1689.63,0,Regular,55,0,Medio,2,Medio
3476.13,2845.61,3,Bueno,43,1,Medio,0,Medio
2345.42,3379.34,4,Bueno,26,1,Medio,0,Alto
4673.91,1782.3,1,Regular,24,0,Superior,0,Medio
2195.19,1732.7,2,Bueno,38,0,Medio,0,Bajo
2028.65,2872.03,4,Regular,29,0,Superior,1,Alto
3926.49,2947.74,4,Bueno,49,0,Medio,1,Medio
3633.33,1686.28,3,Bueno,33,1,Medio,2,Medio
3499.3,1747.89,0,Bueno,37,1,Superior,1,Bajo
3502.68,1830.93,1,Regular,52,1,Medio,1,Medio
2990.2,1193.33,0,Bueno,42,0,Superior,2,Bajo
2282.2,1448.81,1,Bueno,24,0,Superior,2,Bajo
3060.64,1397.52,1,Regular,25,1,Superior,2,Medio
2458.27,1539.32,0,Bueno,57,0,Básico,1,Bajo
3780.1,1979.19,4,Bueno,61,1,Superior,1,Medio
2882.35,2140.53,1,Regular,33,1,Medio,2,Medio
2339.6,2930.3,0,Bueno,54,1,Superior,2,Bajo
2742.89,1400.99,1,Regular,42,1,Superior,2,Medio
3330.35,2590.59,2,Regular,43,1,Superior,1,Medio
2549.02,1871.61,4,Regular,23,0,Medio,1,Medio
2342.22,1970.32,3,Bueno,62,0,Medio,0,Medio
3194.95,2404.89,1,Malo,54,0,Básico,1,Alto
3195.97,1326.37,2,Bueno,52,1,Superior,1,Bajo
2594.45,2229.45,3,Regular,41,1,Medio,1,Medio
2623.17,2099.87,3,Bueno,64,1,Medio,2,Medio
3185.64,2295.47,1,Bueno,41,1,Superior,1,Bajo
1841.53,2173.5,0,Bueno,64,0,Medio,2,Bajo
1874.03,3473.18,1,Malo,31,0,Medio,0,Alto
2425.24,1617.36,2,Malo,59,1,Medio,0,Alto
2829.24,1681.4,3,Bueno,24,1,Medio,2,Medio
3248.73,1626.12,1,Bueno,21,1,Medio,2,Bajo
4180.28,1666.71,0,Regular,48,0,Básico,2,Medio
3686.13,1617.57,1,Bueno,44,0,Medio,1,Bajo
2872.05,2713.41,4,Bueno,55,0,Medio,0,Medio
2984.79,2852.3,0,Regular,33,1,Superior,2,Medio
2197.98,1657.55,2,Bueno,54,1,Básico,1,Bajo
2985.19,1500.59,3,Malo,31,0,Medio,0,Alto
2769.07,2282.85,1,Bueno,56,1,Superior,1,Bajo
3258.17,1668.67,0,Bueno,37,0,Básico,0,Bajo
2338.22,2379.76,4,Bueno,55,1,Medio,1,Alto
3415.48,2121.75,0,Regular,38,0,Superior,0,Medio
4226.19,1090.55,4,Bueno,60,1,Superior,0,Medio
2912.99,2928.5,2,Regular,42,0,Superior,1,Medio
3321.37,3077.53,3,Bueno,44,0,Superior,2,Medio
3552.12,1632.33,2,Regular,39,0,Superior,0,Medio
2679.02,1767.38,1,Bueno,57,0,Medio,2,Bajo
3179.27,2171.52,0,Bueno,59,0,Superior,1,Bajo
3010.07,2200.67,4,Regular,41,0,Básico,2,Medio
3078.14,2395.13,4,Bueno,28,1,Superior,2,Medio
2381.59,3206.12,0,Bueno,48,1,Medio,2,Bajo
3019.61,1893.83,0,Regular,25,1,Medio,2,Medio
3398.4,1521.02,1,Bueno,37,0,Medio,2,Bajo
4160.91,1172.41,2,Regular,57,0,Superior,0,Medio
3767.42,1561.44,4,Bueno,56,1,Básico,0,Medio
4722.55,1980.12,1,Regular,39,0,Superior,0,Medio
2386.12,3076.73,2,Bueno,47,0,Superior,1,Bajo
3697.86,1689.43,1,Bueno,54,0,Medio,2,Bajo
3146.67,2134.27,4,Malo,31,0,Superior,0,Alto
4751.84,1990.15,0,Regular,32,0,Superior,1,Medio
2353.36,2713.04,0,Bueno,41,1,Superior,0,Bajo
2328.22,3516.16,2,Bueno,31,1,Medio,0,Bajo
2520.49,1681.48,3,Regular,59,1,Medio,2,Medio
1300.88,1706.34,2,Bueno,48,1,Medio,1,Bajo
2579.4,2626.5,3,Regular,25,1,Medio,2,Medio
2392.69,2409.13,1,Regular,37,0,Superior,2,Medio
3120.32,3108.02,1,Bueno,40,0,Básico,0,Bajo
3273.4,2350.36,4,Bueno,61,0,Superior,2,Medio
4500.94,1784.42,3,Regular,32,0,Medio,1,Medio
3760.34,2354.39,4,Bueno,26,1,Medio,2,Medio
2538.48,2665.22,0,Bueno,37,1,Superior,2,Bajo
2281.27,2492.29,3,Malo,39,1,Superior,2,Alto
3393.54,2304.36,2,Bueno,46,0,Medio,0,Bajo
1943.81,2640.0,0,Regular,64,1,Medio,1,Medio
4465.17,2701.58,0,Bueno,64,0,Medio,0,Bajo
3943.55,2829.3,2,Bueno,52,1,Básico,0,Bajo
2624.66,2389.23,0,Bueno,26,1,Medio,0,Bajo
1629.49,1899.73,3,Bueno,56,0,Medio,0,Medio
4083.1,2088.03,4,Bueno,58,0,Medio,0,Medio
2908.37,2723.91,0,Bueno,31,1,Superior,1,Bajo
3990.25,1509.84,3,Regular,53,1,Medio,2,Medio
1724.46,2221.2,1,Bueno,44,0,Medio,0,Bajo
2520.5,1764.0,3,Bueno,43,1,Medio,0,Medio
3004.19,2017.25,4,Bueno,35,1,Superior,1,Medio
3037.58,2767.07,3,Bueno,47,0,Superior,1,Medio
2639.95,2114.66,2,Bueno,31,1,Medio,2,Bajo
3498.28,2027.86,4,Bueno,37,0,Superior,1,Medio
2145.9,1184.09,1,Bueno,34,1,Medio,2,Bajo
2886.1,2447.75,2,Bueno,47,0,Medio,0,Bajo
3096.24,2387.29,3,Bueno,38,1,Medio,0,Medio
3411.55,3297.95,4,Regular,48,0,Medio,2,Medio
3569.29,1815.33,1,Bueno,24,1,Superior,1,Bajo
2100.29,2131.49,2,Bueno,27,0,Superior,2,Bajo
1772.71,2149.63,1,Regular,55,1,Básico,1,Medio
4022.14,2946.47,3,Bueno,29,1,Superior,0,Medio
3265.85,1942.82,1,Regular,28,1,Medio,1,Medio
2401.21,2167.41,0,Bueno,37,1,Básico,2,Bajo
4240.92,2364.74,2,Bueno,37,1,Medio,2,Bajo
3092.54,2111.97,1,Bueno,53,1,Medio,0,Bajo
3943.44,1732.14,3,Bueno,52,1,Básico,1,Medio
3054.01,2116.45,3,Regular,28,1,Medio,1,Medio
4648.6,2644.18,1,Bueno,39,1,Medio,1,Bajo
4404.27,1384.09,3,Regular,58,0,Medio,0,Medio
2800.83,2079.78,4,Bueno,23,0,Superior,1,Medio
3777.26,1579.93,4,Bueno,25,1,Medio,2,Medio
3516.3,2717.03,4,Bueno,33,0,Superior,1,Medio
4094.91,1086.09,0,Bueno,51,1,Medio,0,Bajo
2228.06,1664.65,1,Bueno,36,1,Superior,1,Bajo
3548.84,2226.33,0,Regular,52,0,Superior,1,Medio
3846.74,2939.31,3,Regular,42,1,Superior,2,Medio
1593.01,1960.55,0,Bueno,49,1,Medio,1,Bajo
2053.39,1666.88,3,Regular,42,0,Superior,2,Medio
1368.61,3128.69,3,Malo,63,0,Medio,2,Alto
2784.47,1131.19,2,Regular,23,1,Medio,0,Medio
3574.03,680.72,4,Bueno,30,0,Medio,2,Medio
4201.89,2264.01,3,Regular,62,0,Medio,2,Medio
3059.28,1698.77,2,Bueno,41,1,Básico,0,Bajo
4302.89,1387.26,4,Malo,36,0,Superior,2,Alto
1895.92,2425.01,3,Bueno,32,0,Superior,0,Medio
1637.29,2146.28,3,Bueno,22,1,Medio,1,Medio
2955.56,1661.55,0,Regular,61,0,Superior,0,Medio
3307.25,1231.82,0,Bueno,44,0,Medio,2,Bajo
2973.84,2523.47,4,Malo,55,1,Superior,0,Alto
1346.05,2390.12,3,Malo,50,1,Medio,2,Alto
2928.7,1940.49,1,Regular,50,1,Básico,1,Medio
1956.42,3107.98,0,Bueno,55,0,Superior,0,Bajo
3535.74,1357.95,4,Regular,39,1,Superior,1,Medio
3293.28,1084.68,3,Bueno,28,1,Superior,2,Medio
2248.1,1584.86,3,Bueno,46,0,Superior,2,Medio
2588.91,1972.65,1,Regular,60,1,Superior,1,Medio
2152.63,2146.0,4,Bueno,27,1,Superior,0,Alto
2949.86,1855.26,3,Bueno,50,1,Superior,0,Medio
3764.11,2211.23,0,Malo,27,1,Superior,2,Alto
2211.42,1249.08,1,Bueno,23,0,Medio,1,Bajo
3403.24,2866.26,4,Bueno,21,1,Superior,1,Medio
2575.79,1950.71,1,Malo,56,1,Medio,0,Alto
2365.7,2670.38,0,Bueno,45,0,Superior,0,Bajo
2914.38,2205.64,4,Regular,57,1,Superior,0,Medio
2171.81,2274.05,1,Malo,21,0,Superior,1,Alto
2557.08,2341.86,2,Malo,35,0,Superior,0,Alto
2041.7,2268.63,0,Regular,57,0,Superior,0,Medio
4571.78,2385.63,0,Bueno,33,1,Medio,2,Bajo
3028.21,2797.49,0,Bueno,60,0,Superior,0,Bajo
2440.22,2117.91,2,Regular,28,0,Medio,0,Medio
3171.18,2425.4,2,Regular,25,0,Básico,1,Medio
2910.14,1946.16,3,Bueno,29,1,Medio,1,Medio
2823.22,2864.07,1,Bueno,21,1,Medio,2,Bajo
3491.33,1594.16,3,Bueno,56,1,Medio,0,Medio
3606.01,3080.56,1,Bueno,55,1,Superior,2,Bajo
2575.6,1975.91,2,Regular,22,1,Medio,1,Medio
2539.35,1141.53,2,Bueno,60,1,Medio,2,Bajo
2779.96,2076.86,3,Malo,43,1,Básico,1,Alto
1158.46,1591.37,4,Regular,29,0,Medio,2,Alto
1787.85,2504.39,3,Bueno,54,0,Superior,2,Medio
4093.5,1608.43,1,Regular,34,0,Básico,0,Medio
4315.97,1732.29,3,Bueno,24,0,Medio,2,Medio
2800.77,866.28,0,Bueno,50,1,Medio,0,Bajo
3461.25,1728.62,1,Regular,51,0,Básico,0,Medio
3249.0,545.67,1,Regular,58,0,Medio,0,Medio
5463.1,1049.66,4,Regular,31,0,Básico,0,Medio
3895.66,2456.25,2,Bueno,55,0,Superior,2,Bajo
2897.67,2471.48,1,Bueno,28,1,Superior,1,Bajo
2235.57,2255.27,2,Regular,23,1,Medio,1,Medio
1714.84,1419.81,3,Bueno,34,1,Superior,1,Medio
3162.77,1971.37,0,Bueno,33,0,Medio,2,Bajo
2394.92,1997.84,4,Bueno,52,1,Medio,0,Alto
1862.2,1304.98,2,Regular,54,0,Superior,1,Medio
2482.74,2902.04,1,Bueno,39,1,Medio,2,Bajo
2134.76,2526.42,2,Regular,58,1,Superior,0,Medio
4349.71,1867.42,1,Malo,36,1,Básico,1,Alto
3705.31,2016.13,2,Bueno,22,1,Medio,0,Bajo
2993.62,2125.03,1,Bueno,60,1,Básico,1,Bajo
4183.96,774.96,3,Bueno,37,0,Superior,1,Medio
3061.89,1851.69,1,Regular,54,1,Superior,1,Medio
2310.97,1590.81,1,Bueno,62,0,Superior,0,Bajo
4218.5,1399.03,0,Bueno,36,0,Medio,2,Bajo
3431.13,1831.34,1,Bueno,58,0,Medio,0,Bajo
2170.2,3078.61,0,Regular,22,0,Básico,1,Medio
2847.73,2384.51,4,Bueno,22,0,Medio,0,Medio
2299.51,1657.29,0,Regular,46,1,Superior,2,Medio
1893.76,2343.55,3,Malo,33,1,Medio,0,Alto
